Class,Confidence,x1,y1,x2,y2
crack,0.47835624,12,4,640,640
crack,0.3155932,0,2,435,613
