Class,Confidence,x1,y1,x2,y2
crack,0.5007367,464,121,574,141
crack,0.43391186,85,6,119,228
crack,0.40538782,564,4,596,125
crack,0.28047854,463,120,610,143
