Class,Confidence,x1,y1,x2,y2
vegetation,0.75426936,172,273,210,300
vegetation,0.7264478,209,381,233,405
vegetation,0.71130115,439,0,636,582
vegetation,0.3991939,504,0,637,581
vegetation,0.38888475,278,417,308,437
vegetation,0.27178627,341,319,360,335
vegetation,0.27070063,271,407,308,438
vegetation,0.2508706,160,142,191,166
