Class,Confidence,x1,y1,x2,y2
crack,0.31525978,197,0,350,640
crack,0.30560422,275,2,343,640
crack,0.26707557,282,174,342,638
