Class,Confidence,x1,y1,x2,y2
vegetation,0.59940183,2,0,372,640
vegetation,0.2869508,257,516,465,574
