Class,Confidence,x1,y1,x2,y2
spalling,0.53085715,104,0,357,639
spalling,0.3041533,27,0,399,640
