Class,Confidence,x1,y1,x2,y2
crack,0.34609815,0,0,640,640
corrosion,0.33964032,0,0,639,640
