Class,Confidence,x1,y1,x2,y2
crack,0.41184804,412,239,498,353
crack,0.3282826,489,158,600,311
crack,0.3033212,170,0,250,75
