Class,Confidence,x1,y1,x2,y2
vegetation,0.9400927,47,1,508,639
vegetation,0.54041344,225,136,312,291
