Class,Confidence,x1,y1,x2,y2
vegetation,0.43426096,249,0,639,574
vegetation,0.30786133,213,179,285,350
