Class,Confidence,x1,y1,x2,y2
vegetation,0.60400414,230,390,321,419
vegetation,0.37995836,524,69,562,120
vegetation,0.33055192,292,352,640,596
vegetation,0.31500623,233,393,304,418
crack,0.31306997,489,301,513,319
crack,0.31155726,599,478,626,497
crack,0.29213932,329,164,637,608
crack,0.2749408,496,235,513,249
crack,0.25812703,496,144,520,152
