Class,Confidence,x1,y1,x2,y2
spalling,0.37638438,0,35,639,592
spalling,0.28602782,0,94,639,447
