Class,Confidence,x1,y1,x2,y2
vegetation,0.9711259,84,51,465,162
vegetation,0.9100746,308,317,439,398
vegetation,0.9021848,298,457,445,550
vegetation,0.7783753,311,191,436,269
vegetation,0.6205408,160,174,248,320
vegetation,0.57962465,71,447,138,586
vegetation,0.49978873,41,95,475,640
vegetation,0.49484697,200,176,242,240
