Class,Confidence,x1,y1,x2,y2
corrosion,0.4799621,203,1,393,199
corrosion,0.2883152,163,2,592,197
corrosion,0.27596667,62,1,341,200
