Class,Confidence,x1,y1,x2,y2
crack,0.5035296,17,345,161,593
crack,0.38417915,463,347,606,600
