Class,Confidence,x1,y1,x2,y2
vegetation,0.4097898,192,3,364,179
crack,0.30469468,139,0,464,640
crack,0.29458573,205,0,639,640
vegetation,0.26000607,2,489,246,639
