Class,Confidence,x1,y1,x2,y2
crack,0.31956333,308,2,637,609
crack,0.3129328,0,3,291,388
crack,0.27664292,352,4,639,385
crack,0.2746923,1,2,276,288
crack,0.27010515,407,5,640,333
crack,0.26893362,282,3,618,290
